{
	"credit": "Made with Blockbench",
	"texture_size": [32, 32],
	"textures": {
		"0": "./creeper",
		"particle": "./creeper"
	},
	"elements": [
		{
			"from": [4, 0, 3],
			"to": [7, 3, 6],
			"rotation": {"angle": 0, "axis": "y", "origin": [4, 0, 3]},
			"faces": {
				"north": {"uv": [10.5, 5.5, 12, 7], "texture": "#0"},
				"east": {"uv": [10.5, 7, 12, 8.5], "texture": "#0"},
				"south": {"uv": [0, 11, 1.5, 12.5], "texture": "#0"},
				"west": {"uv": [1.5, 11, 3, 12.5], "texture": "#0"},
				"up": {"uv": [12.5, 4.5, 11, 3], "texture": "#0"},
				"down": {"uv": [13, 0, 11.5, 1.5], "texture": "#0"}
			}
		},
		{
			"from": [9, 0, 3],
			"to": [12, 3, 6],
			"rotation": {"angle": 0, "axis": "y", "origin": [9, 0, 3]},
			"faces": {
				"north": {"uv": [11.5, 1.5, 13, 3], "texture": "#0"},
				"east": {"uv": [12, 4.5, 13.5, 6], "texture": "#0"},
				"south": {"uv": [12, 6, 13.5, 7.5], "texture": "#0"},
				"west": {"uv": [12, 7.5, 13.5, 9], "texture": "#0"},
				"up": {"uv": [13.5, 10.5, 12, 9], "texture": "#0"},
				"down": {"uv": [13.5, 10.5, 12, 12], "texture": "#0"}
			}
		},
		{
			"from": [9, 0, 9],
			"to": [12, 3, 12],
			"rotation": {"angle": 0, "axis": "y", "origin": [9, 0, 9]},
			"faces": {
				"north": {"uv": [12, 12, 13.5, 13.5], "texture": "#0"},
				"east": {"uv": [0, 12.5, 1.5, 14], "texture": "#0"},
				"south": {"uv": [1.5, 12.5, 3, 14], "texture": "#0"},
				"west": {"uv": [3, 12.5, 4.5, 14], "texture": "#0"},
				"up": {"uv": [14, 4.5, 12.5, 3], "texture": "#0"},
				"down": {"uv": [6, 12.5, 4.5, 14], "texture": "#0"}
			}
		},
		{
			"from": [4, 0, 9],
			"to": [7, 3, 12],
			"rotation": {"angle": 0, "axis": "y", "origin": [4, 0, 9]},
			"faces": {
				"north": {"uv": [13, 0, 14.5, 1.5], "texture": "#0"},
				"east": {"uv": [13, 1.5, 14.5, 3], "texture": "#0"},
				"south": {"uv": [6, 13, 7.5, 14.5], "texture": "#0"},
				"west": {"uv": [7.5, 13, 9, 14.5], "texture": "#0"},
				"up": {"uv": [10.5, 14.5, 9, 13], "texture": "#0"},
				"down": {"uv": [12, 13, 10.5, 14.5], "texture": "#0"}
			}
		},
		{
			"from": [5, 3, 5],
			"to": [11, 11, 10],
			"rotation": {"angle": 0, "axis": "y", "origin": [3, 3, 6]},
			"faces": {
				"north": {"uv": [4, 6, 7, 10], "texture": "#0"},
				"east": {"uv": [7, 9, 9.5, 13], "texture": "#0"},
				"south": {"uv": [0, 7, 3, 11], "texture": "#0"},
				"west": {"uv": [9.5, 9, 12, 13], "texture": "#0"},
				"up": {"uv": [11, 5.5, 8, 3], "texture": "#0"},
				"down": {"uv": [6, 10, 3, 12.5], "texture": "#0"}
			}
		},
		{
			"from": [4, 11, 4],
			"to": [12, 17, 11],
			"rotation": {"angle": 0, "axis": "y", "origin": [3, 11, 6]},
			"faces": {
				"north": {"uv": [4, 0, 8, 3], "texture": "#0"},
				"east": {"uv": [7, 6, 10.5, 9], "texture": "#0"},
				"south": {"uv": [4, 3, 8, 6], "texture": "#0"},
				"west": {"uv": [8, 0, 11.5, 3], "texture": "#0"},
				"up": {"uv": [4, 3.5, 0, 0], "texture": "#0"},
				"down": {"uv": [4, 3.5, 0, 7], "texture": "#0"}
			}
		}
	],
	"display": {
		"head": {
			"translation": [0, 10.75, 0],
			"scale": [0.56, 0.56, 0.56]
		}
	}
}